Name,Email,Password,Address,ZipCode,Country
Mia van Laon,daanvan-der-avoirt@example.com,Welkom!Mia,Jadehof 5,8916GO,Netherlands
Samuel Wutke,bradleyjansen@example.net,Welkom!Samuel,Stefanweg 1,1597 XP,Netherlands
Nisa Schilt,nboddaugh@example.com,Welkom!Nisa,Mustafapad 48,5380PP,Netherlands
Selina van Enschot,sienna47@example.org,Welkom!Selina,Inayaboulevard 650,6891SK,Netherlands
Valentijn van Northeim,kian00@example.net,Welkom!Valentijn,Jiplaan 0,4742GU,Netherlands
Kim Freshour,vslingerland@example.com,Welkom!Kim,Thomweg 8,4788 RX,Netherlands
Lisa Momberg,ule-grand@example.org,Welkom!Lisa,Kyanweg 27,4851 PS,Netherlands
Danique Zuijdveld,lorealkian@example.net,Welkom!Danique,Bryanboulevard 15,3343BB,Netherlands
Sofie Zwart,elinerackham@example.com,Welkom!Sofie,Felinestraat 23,9345VX,Netherlands
Lieve Post,johannesremmers@example.com,Welkom!Lieve,Vincelaan 32,8521 RO,Netherlands
Marinus Jansdr,lina42@example.net,Welkom!Marinus,Thijmenweg 68,9992HT,Netherlands
Mette Eelman,jacobspieter@example.net,Welkom!Mette,Isaweg 14,2020XC,Netherlands
Rayan le Gulcher,yasmine64@example.com,Welkom!Rayan,Norahboulevard 574,3600AA,Netherlands
Indy van Daal,werdesnynke@example.com,Welkom!Indy,Rayanstraat 576,1324VY,Netherlands
Fien Wipstrik,fienvan-dalem@example.net,Welkom!Fien,Jornhof 163,9128 FM,Netherlands
Joël van Boulogne,de-gruilbenjamin@example.net,Welkom!Joël,Jennifersteeg 824,5146GL,Netherlands
Jamie Zaal,mick86@example.com,Welkom!Jamie,Laraboulevard 54,6137XU,Netherlands
Amira Hoelen,de-leeuwmason@example.org,Welkom!Amira,Sebastiaanbaan 38,8551XH,Netherlands
Bas van Dokkum,karlijnvertooren@example.com,Welkom!Bas,Jamiebaan 91,8312 SH,Netherlands
Samuel Heribert van Laon,smitsliz@example.org,Welkom!Samuel,Masondreef 62,8603RU,Netherlands
Faye Reijers,bastiaanmaas@example.net,Welkom!Faye,Thomasstraat 2,1072DE,Netherlands
Liz van der Kaay,ikorsman@example.org,Welkom!Liz,Noëllelaan 455,4324NT,Netherlands
Esila Bud,stettynjasper@example.com,Welkom!Esila,Leonsingel 12,8878SL,Netherlands
Dani Niermann,van-luysselpleun@example.org,Welkom!Dani,Xavisingel 8,5910PU,Netherlands
Amira Levesque,jim98@example.org,Welkom!Amira,Pieterboulevard 66,8024 HW,Netherlands
Roan Bruijne van der Veen,romy81@example.net,Welkom!Roan,Noadreef 872,3357AP,Netherlands
Alex Cornelisse,emilyvan-der-stael-de-jonge@example.net,Welkom!Alex,Quinnsingel 91,2137DU,Netherlands
Jaylinn Heerschop,lamoreboris@example.net,Welkom!Jaylinn,Norahpad 264,9957UG,Netherlands
Kayleigh van der Ploeg,tielemansdaniel@example.com,Welkom!Kayleigh,Mayasingel 923,8217 QP,Netherlands
Mathijs ter Waarbeek,tim97@example.org,Welkom!Mathijs,Tycholaan 31,5576 HS,Netherlands
Boris Schellekens,ggenefaas@example.com,Welkom!Boris,Davesteeg 69,4756VD,Netherlands
Adriana Voortman,greimes@example.org,Welkom!Adriana,Romyring 381,9094 BW,Netherlands
Imran Martel,oude-heermuhammed@example.com,Welkom!Imran,Ivansteeg 19,2242 WW,Netherlands
Lieve Adriaensdr,maastirza@example.net,Welkom!Lieve,Yasminepad 9,1551 EL,Netherlands
Joël van Duvenvoirde,leahhoes@example.org,Welkom!Joël,Beratstraat 225,6997 CQ,Netherlands
Linn Bouwhuisen,van-der-spaendoncelias@example.org,Welkom!Linn,Iandreef 4,7607 BS,Netherlands
Nikki van den Nyeuwenhuysen,lukafremie@example.org,Welkom!Nikki,Imkesingel 984,3561 XD,Netherlands
Kai Terry,astoffel@example.org,Welkom!Kai,Lexdreef 8,2317SJ,Netherlands
Mirte Kisman,boeremma@example.com,Welkom!Mirte,Sebastiaanring 8,7465 OZ,Netherlands
Rowan Willems van Lier,chrodtrudlina@example.org,Welkom!Rowan,Lauradreef 8,5704 RU,Netherlands
Wesley van der Stael,zvan-berkel@example.com,Welkom!Wesley,Liviaboulevard 8,7377YA,Netherlands
Bart van Grondelle,uvan-holland@example.com,Welkom!Bart,Roansteeg 4,2441KH,Netherlands
Jelte Pieters van der Maes,van-der-brinknisa@example.com,Welkom!Jelte,Seppring 7,4549 PQ,Netherlands
Thomas Jdotte,olaf71@example.com,Welkom!Thomas,Evistraat 724,4277 CO,Netherlands
Dewi Dennenberg,htimmerman@example.org,Welkom!Dewi,Juliesteeg 32,8119 RE,Netherlands
Duuk van Bentheim,jansdrfay@example.com,Welkom!Duuk,Sterreboulevard 915,3296TJ,Netherlands
Mare van Gemert,xhulst@example.net,Welkom!Mare,Josephinesingel 45,4406SP,Netherlands
Lars van de Weterink,van-den-berghmats@example.net,Welkom!Lars,Leonsteeg 672,9419BX,Netherlands
Helena Bolkesteijn,nikki70@example.net,Welkom!Helena,Amylaan 681,2421 VV,Netherlands
Luc die Pelser,fabienneschroeff@example.net,Welkom!Luc,Mehmetdreef 9,9006 NV,Netherlands
Rayan van Berkel,zarasprong@example.com,Welkom!Rayan,Fienehof 331,2310SV,Netherlands
Esmee van Hoevel en van Zwindrecht,zpratt@example.net,Welkom!Esmee,Joëlsingel 441,4392 JE,Netherlands
Danique de Vries,le-grandlisanne@example.com,Welkom!Danique,Selenapad 778,6734 TC,Netherlands
Lizz Martel,molenaarchris@example.org,Welkom!Lizz,Milaring 312,1403QV,Netherlands
Luka van Metz,van-der-pluijmcatharina@example.org,Welkom!Luka,Lolasteeg 241,8933HM,Netherlands
Sepp Hoelen,amir70@example.net,Welkom!Sepp,Oscarlaan 102,6266TF,Netherlands
Yfke Loep,duittenbosch@example.net,Welkom!Yfke,Lievedreef 65,8566 TF,Netherlands
Lieke Vermeulen,qshupe@example.com,Welkom!Lieke,Basring 454,1525 GT,Netherlands
Juul Jorlink,sterrerutten@example.org,Welkom!Juul,Loisring 999,5308 KO,Netherlands
Jake Heijmans,boddaughinaya@example.com,Welkom!Jake,Noahof 97,8890KB,Netherlands
Abel van de Weterink,spaaninaya@example.com,Welkom!Abel,Hannalaan 20,9575UC,Netherlands
Renske Miner,tyler89@example.com,Welkom!Renske,Masonsingel 8,3958 OD,Netherlands
Jan van der Veen,lizatins@example.org,Welkom!Jan,Adamlaan 080,9396XN,Netherlands
Lieve de Beer,juul01@example.com,Welkom!Lieve,Demibaan 49,4563 YF,Netherlands
Yasmin Winters,spikerinaya@example.org,Welkom!Yasmin,Pieterboulevard 920,5123 BM,Netherlands
Collin Stoffelsz,senn53@example.org,Welkom!Collin,Niekstraat 859,4031 VC,Netherlands
Hannah 's Gravensande,eline73@example.com,Welkom!Hannah,Merlepad 9,5385 IA,Netherlands
Livia van Dongen,weeldenburgsaar@example.com,Welkom!Livia,Davelaan 223,4219 UP,Netherlands
Lois Bresse,vigo44@example.org,Welkom!Lois,Joëlhof 0,6267JI,Netherlands
Maya Moenen,mgeldens@example.com,Welkom!Maya,Floriansingel 3,4526 GQ,Netherlands
Selena Werdes,tvan-den-berg@example.org,Welkom!Selena,Tychosteeg 67,2674FU,Netherlands
Niels Paillet,tarahoning@example.com,Welkom!Niels,Olivierbaan 9,1973 PM,Netherlands
Senna Coreth von und zu Coredo und Starkenberg,lievemiltenburg@example.com,Welkom!Senna,Jonathanlaan 12,4719 KH,Netherlands
Ruben Bernaards,olivierscardino@example.org,Welkom!Ruben,Yinthehof 881,9879MS,Netherlands
Philip Krabbe,joepbosch@example.net,Welkom!Philip,Nickhof 412,2975WZ,Netherlands
Oscar Willemsen,kickmanne@example.net,Welkom!Oscar,Bilalweg 60,2923XH,Netherlands
Siem Sarneel,mathijs69@example.com,Welkom!Siem,Piensteeg 4,9242WR,Netherlands
Daniël van Berkum,youssefgroenendaal@example.org,Welkom!Daniël,Inayadreef 5,5145ES,Netherlands
Luka Bertho,sofia78@example.org,Welkom!Luka,Yfkestraat 23,3104TP,Netherlands
Nikki Barents,evelderman@example.org,Welkom!Nikki,Joëllelaan 0,5249ZN,Netherlands
Tom van Geenen,baveaaron@example.org,Welkom!Tom,Philippad 56,5874 QL,Netherlands
Sophie van Kempen,whoes@example.net,Welkom!Sophie,Ellaboulevard 34,9357PM,Netherlands
Zoey Wolffel,maartjelutterveld@example.org,Welkom!Zoey,Evysteeg 170,9817 RQ,Netherlands
Timo Mathurin,milou79@example.com,Welkom!Timo,Julesboulevard 51,1270NU,Netherlands
Willem Wipstrik,lathropestan@example.net,Welkom!Willem,Isesingel 7,5073YW,Netherlands
Zakaria Scuylenborchs,daniel79@example.org,Welkom!Zakaria,Sepstraat 374,2822 LR,Netherlands
Ties van Laon,jvan-der-klijn@example.org,Welkom!Ties,Emilyring 312,7687 WX,Netherlands
Nienke Jacquot,perckcarlijn@example.net,Welkom!Nienke,Aylinboulevard 76,8159 QQ,Netherlands
Eline van den Nieuwenhuijsen,jesse54@example.org,Welkom!Eline,Norahbaan 040,3964KL,Netherlands
Suze Becht,van-den-broekkim@example.org,Welkom!Suze,Jakehof 69,3219 ME,Netherlands
Arthur Garret,ivyvan-jumiege@example.net,Welkom!Arthur,Merijndreef 0,6450VY,Netherlands
Marit van Engeland,van-doorenthijn@example.com,Welkom!Marit,Nisahof 9,8991 SK,Netherlands
Lotte Mulders,jakephillipsen@example.com,Welkom!Lotte,Berendhof 03,7620BX,Netherlands
Elize van Loon,kpotters@example.org,Welkom!Elize,Vincentpad 267,6483MI,Netherlands
Floortje Groen,zoeschiffer@example.com,Welkom!Floortje,Novastraat 3,4983 IS,Netherlands
Elena Dries,pde-jong@example.net,Welkom!Elena,Jornsteeg 5,8940 FL,Netherlands
Lindsey van Goerle,romijnmaarten@example.net,Welkom!Lindsey,Guusstraat 55,7322 ZY,Netherlands
Nikki van Luinenburg,johannesvan-dijk@example.net,Welkom!Nikki,Hendrikboulevard 202,6925 ER,Netherlands
Robin Chrodtrud,tmaas@example.net,Welkom!Robin,Lenaring 9,5823 CL,Netherlands
Dina Manne,smeetsemily@example.net,Welkom!Dina,Nadiadreef 8,1274 ZL,Netherlands
Lisa van Beaumont,sofievan-ginneke@example.com,Welkom!Lisa,Seppsingel 33,6066AQ,Netherlands
Cornelia Oude Heer,koenvelderman@example.net,Welkom!Cornelia,Katesteeg 9,2247MP,Netherlands
Wesley Claassen,pimdriessen@example.net,Welkom!Wesley,Emirhof 439,4793 ZI,Netherlands
Sten Labado,van-landenjonas@example.org,Welkom!Sten,Phileinehof 13,8031 UH,Netherlands
Fiene van der Ven,rickvan-den-brand@example.net,Welkom!Fiene,Indyring 5,4243 BU,Netherlands
Jasmijn van Gent,ckuilenburg@example.org,Welkom!Jasmijn,Dionpad 4,3546 KM,Netherlands
Eline van der Hoeven,guus93@example.com,Welkom!Eline,Maresingel 28,6566 YQ,Netherlands
Linde Leene,arie23@example.net,Welkom!Linde,Daniëlboulevard 05,1813NX,Netherlands
Beau Ligtvoet,joshuavan-loon@example.org,Welkom!Beau,Finnboulevard 757,8753 TK,Netherlands
Lena van Eck,hvan-bragt@example.com,Welkom!Lena,Dylanopad 024,2425BB,Netherlands
Nick Hak,latierrobin@example.net,Welkom!Nick,Amirahof 90,1809KJ,Netherlands
Collin Sanders,jadeotte@example.com,Welkom!Collin,Annepad 11,7713 PL,Netherlands
Lena Luitgardis van Neustrië,walterbente@example.org,Welkom!Lena,Zoësingel 80,6982LH,Netherlands
Mara van der Wal,svan-kuijc@example.net,Welkom!Mara,Olafbaan 241,9179AZ,Netherlands
Anouk Feltzer,itamsma@example.com,Welkom!Anouk,Nieklaan 905,1086TS,Netherlands
Aimée Briere,wouterszfloor@example.net,Welkom!Aimée,Adrianaring 30,1900 CY,Netherlands
Sophie Furda,kyara83@example.com,Welkom!Sophie,Isabelleboulevard 4,5469 KH,Netherlands
Mia Laffray,stellaverhagen@example.com,Welkom!Mia,Izesteeg 23,6949 QT,Netherlands
Bibi Mansvelt,tamsmaolivia@example.org,Welkom!Bibi,Jorisring 4,3014MQ,Netherlands
Luka de Bont,van-den-wittenboernaomi@example.com,Welkom!Luka,Stefanboulevard 40,1556MD,Netherlands
Levi Manne,phexspoor@example.com,Welkom!Levi,Mikahof 730,4298WQ,Netherlands
Sven Mens,mensleon@example.net,Welkom!Sven,Giellaan 16,5038 FS,Netherlands
Valentijn Lelijveld,karlijnlouws@example.org,Welkom!Valentijn,Adrianastraat 19,5730 RO,Netherlands
Juliette Broekhoven,qvan-noort@example.com,Welkom!Juliette,Leonpad 509,6044 GK,Netherlands
Carlijn Schouten,rosalievan-ginneke@example.net,Welkom!Carlijn,Merlepad 611,8169SZ,Netherlands
Benthe van de Noordmark,swolffel@example.net,Welkom!Benthe,Johannessingel 480,3129OJ,Netherlands
Selena Hehl,vthout@example.com,Welkom!Selena,Joliestraat 911,2647 FB,Netherlands
Lucy van Evelingen,avan-herstal@example.com,Welkom!Lucy,Benteweg 897,3146 JC,Netherlands
Sylvie van der Leek,de-bruijnthijs@example.com,Welkom!Sylvie,Dylanhof 98,9733 FQ,Netherlands
Noah Mansvelt,chloe33@example.com,Welkom!Noah,Tessdreef 99,6822 MI,Netherlands
Justin de Jonge,bvan-der-heyden@example.com,Welkom!Justin,Isispad 51,1356 SO,Netherlands
Fedde Perck,maud41@example.org,Welkom!Fedde,Catosteeg 513,7587SV,Netherlands
Chloé Ariens Ansems,uvan-waas@example.org,Welkom!Chloé,Joybaan 1,1210RR,Netherlands
Karlijn Schatteleijn,koktyler@example.com,Welkom!Karlijn,Sethdreef 7,1055 XO,Netherlands
Rick Diesbergen,ojansen@example.org,Welkom!Rick,Aydenbaan 804,7255 DK,Netherlands
Anna Weeldenburg,willemsbrian@example.com,Welkom!Anna,Ecrinbaan 50,7801BL,Netherlands
Frederique Sitters,miasymons@example.org,Welkom!Frederique,Nielsbaan 377,6661LZ,Netherlands
Amina Spreeuw,jdottejip@example.net,Welkom!Amina,Sterreweg 224,9297KU,Netherlands
Teun Galijn,sara44@example.org,Welkom!Teun,Jesperring 01,9988 NB,Netherlands
Jari Hanegraaff,matthijsrecers@example.org,Welkom!Jari,Jameshof 461,6923 MJ,Netherlands
Ali Buijs,nstook@example.com,Welkom!Ali,Bastiaanstraat 6,9900 PD,Netherlands
Jayden van den Wittenboer,van-der-laarrenske@example.net,Welkom!Jayden,Renslaan 366,9233 RY,Netherlands
Cornelis Aertsz,xavi80@example.net,Welkom!Cornelis,Jaysonlaan 00,9035 LU,Netherlands
Alexander Jorlink,haileyde-gruijl@example.org,Welkom!Alexander,Jimsteeg 083,8202CT,Netherlands
Lois de Bruin,rpersijn@example.net,Welkom!Lois,Maximboulevard 307,3836 LT,Netherlands
Alyssa van Maasgouw,van-dammirthe@example.org,Welkom!Alyssa,Kyrasteeg 076,2002 SP,Netherlands
Rick Adriaense,lilyvan-de-biezenbos@example.com,Welkom!Rick,Oscarpad 52,7218 SO,Netherlands
Mats van den Velden,dean29@example.com,Welkom!Mats,Novalaan 1,3329IO,Netherlands
Keano van den Hoek,scuylenborchsjordy@example.com,Welkom!Keano,Jornstraat 700,7261HX,Netherlands
Boaz Heerkens,amangel@example.net,Welkom!Boaz,Hugoweg 0,4139 BV,Netherlands
Benjamin Lether,fvan-der-mast@example.net,Welkom!Benjamin,Rubenstraat 751,4847SU,Netherlands
Helena van Formbach,luuk40@example.net,Welkom!Helena,Dinasteeg 93,5801PT,Netherlands
Loek de Backer,paertsz@example.com,Welkom!Loek,Fienehof 7,5915 FP,Netherlands
Rayan Kallen,morris93@example.org,Welkom!Rayan,Lenadreef 728,9097 UM,Netherlands
Evie Welf,van-wijlandmaryam@example.net,Welkom!Evie,Saarsteeg 329,3198 BU,Netherlands
Quinn de Jonge,beekmanjenna@example.net,Welkom!Quinn,Rubenstraat 79,5602 OK,Netherlands
Sil Verschut,jort15@example.com,Welkom!Sil,Tylerhof 2,5157 OW,Netherlands
Maurits Haselaar,zoeyoemencs@example.org,Welkom!Maurits,Eviesteeg 5,3572 DM,Netherlands
Jade den Buytelaar,floortjevan-laarhoven@example.net,Welkom!Jade,Davidsteeg 80,9331 FB,Netherlands
Noëlle van der Laan,le-gallenlinn@example.org,Welkom!Noëlle,Jonathansteeg 78,1688 FS,Netherlands
Angelina Terry,janvan-den-velde@example.net,Welkom!Angelina,Leahpad 0,8640AZ,Netherlands
Floris Heijmans,fem47@example.net,Welkom!Floris,Victoriaboulevard 465,2877 VS,Netherlands
Roos van den Nuwenhijsen,weeldenburgyara@example.net,Welkom!Roos,Stensingel 0,1514AI,Netherlands
Veerle Volcke,jvaessen@example.net,Welkom!Veerle,Nynkering 63,4126 LB,Netherlands
Daniel van Vlaanderen,eelmanlars@example.net,Welkom!Daniel,Hannahstraat 926,1608 QU,Netherlands
Teun die Witte,rde-vroege@example.org,Welkom!Teun,Alilaan 53,2627EL,Netherlands
Lynn Ehlert,xgoderts@example.com,Welkom!Lynn,Jackpad 434,1944 PA,Netherlands
Vince Hulskes,pde-graaf@example.com,Welkom!Vince,Alyssapad 640,6780LD,Netherlands
Isis Jekel,nvan-gastel@example.net,Welkom!Isis,Sethsingel 79,2235ZW,Netherlands
Eliza Koster,de-boerjayson@example.net,Welkom!Eliza,Floortjering 4,6130 SP,Netherlands
Vincent Kriens,chrisoda@example.org,Welkom!Vincent,Hugostraat 9,3081AI,Netherlands
Jan Postma,nadiavan-dijk@example.net,Welkom!Jan,Sofiestraat 5,2228FT,Netherlands
Olivia Middelkoop,lindsey37@example.com,Welkom!Olivia,Joyhof 39,3181 QN,Netherlands
Ivy Klerks,ajorrisen@example.org,Welkom!Ivy,Samlaan 4,3212 XR,Netherlands
Kevin Ernst,stijnopmans@example.org,Welkom!Kevin,Louiseweg 7,2011IL,Netherlands
Merijn van der Veen,jayda92@example.com,Welkom!Merijn,Tylerpad 4,6678 DD,Netherlands
Angelina Bruijne van der Veen,alicia37@example.net,Welkom!Angelina,Julieboulevard 43,6604 TS,Netherlands
Emir le Matelot,yara00@example.org,Welkom!Emir,Elinebaan 529,3247 BK,Netherlands
Elize Arens,mijsbergelena@example.net,Welkom!Elize,Tijmendreef 369,4705OD,Netherlands
Noud Pasman,ayoubrek@example.net,Welkom!Noud,Lennboulevard 63,4152 VR,Netherlands
Gijs van Wijland,adriana16@example.org,Welkom!Gijs,Daanweg 789,8387 RX,Netherlands
Victoria van den Velden,ckremer@example.com,Welkom!Victoria,Jaysondreef 02,2512SD,Netherlands
Phileine Segerszoen,oscar68@example.org,Welkom!Phileine,Suzedreef 2,3566DX,Netherlands
Faye de Nijs,hamza20@example.com,Welkom!Faye,Philiphof 328,7993 XW,Netherlands
Mia Jorlink,stijnfreshour@example.net,Welkom!Mia,Lizalaan 10,1120 FR,Netherlands
Kiki Kramer,charlotte21@example.net,Welkom!Kiki,Siennastraat 070,2902 XT,Netherlands
Arie Spier,pepijnvan-den-hoek@example.net,Welkom!Arie,Nathanbaan 09,8481BL,Netherlands
Jayson Scuylenborchs,jvan-venrooy@example.com,Welkom!Jayson,Saarring 54,3262MF,Netherlands
Emma Doorhof,robin16@example.org,Welkom!Emma,Dinasteeg 8,4606IU,Netherlands
Johanna van Riet,inayamassa@example.net,Welkom!Johanna,Joostweg 8,2975 RP,Netherlands
Tycho van Dommelen,lblees@example.org,Welkom!Tycho,Bibiring 782,4018XE,Netherlands
Jonathan Belpere,yara55@example.com,Welkom!Jonathan,Selenalaan 78,6063RA,Netherlands
Quinty Ramaker,de-swartlisanne@example.org,Welkom!Quinty,Julietteboulevard 8,3958 PU,Netherlands
Tirza Stange,jonathan60@example.net,Welkom!Tirza,Felinelaan 8,1047VS,Netherlands
Damian Groen,mick84@example.org,Welkom!Damian,Willemboulevard 97,7013MS,Netherlands
Johannes Peeters,moenenanna@example.net,Welkom!Johannes,Rafaelsingel 6,1571XN,Netherlands
Amélie Cosman,dewi70@example.net,Welkom!Amélie,Felinesingel 780,2482 PP,Netherlands
Amina van Haarlem,friehusannemijn@example.org,Welkom!Amina,Juliabaan 332,4638 RO,Netherlands
Dani Coolen,hmarchand@example.org,Welkom!Dani,Nadinesteeg 68,8854PP,Netherlands
Joey Rijn,van-der-veenamir@example.net,Welkom!Joey,Stanstraat 83,3478AL,Netherlands
Gerrit Steenbeek,van-goerleisabella@example.org,Welkom!Gerrit,Jenslaan 3,7908FY,Netherlands
Ceylin Brouwer,gieljerusalem@example.com,Welkom!Ceylin,Samuelweg 394,2245VW,Netherlands
Linde Lensen,nvan-schweinfurt@example.org,Welkom!Linde,Noudhof 147,5735LO,Netherlands
Jasmijn Heymans,benthemartens@example.org,Welkom!Jasmijn,Jannestraat 7,1872 VW,Netherlands
Hannah van Luin,van-venrooydavid@example.com,Welkom!Hannah,Mehmetweg 74,7510NR,Netherlands
Abel Wendt,jolie26@example.com,Welkom!Abel,Isishof 24,1872 NS,Netherlands
Simon Mangel,rgeneart@example.org,Welkom!Simon,Lizzyhof 16,9736 LE,Netherlands
Lex Brandt,nvan-laarhoven@example.org,Welkom!Lex,Mikaboulevard 544,7077 DN,Netherlands
Evie van Amstel,quinty31@example.net,Welkom!Evie,Hamzaring 5,3928 KY,Netherlands
Zara Klomp Jan,vclaesner@example.com,Welkom!Zara,Lucypad 131,4608TT,Netherlands
Raf Lamotte,ceylin52@example.org,Welkom!Raf,Tarasingel 187,7863 DH,Netherlands
Aiden Friehus,tycho19@example.com,Welkom!Aiden,Svenhof 14,9342 VQ,Netherlands
Sam Elsenaar,ivy73@example.org,Welkom!Sam,Lucysteeg 71,7382 WT,Netherlands
Yara Rek,duukvan-de-biezenbos@example.org,Welkom!Yara,Jaydasteeg 8,7411 DT,Netherlands
Ninthe Ernst,nina75@example.net,Welkom!Ninthe,Markweg 2,6802 UV,Netherlands
Myrthe Martens,nromijn@example.org,Welkom!Myrthe,Lottedreef 35,7152 XU,Netherlands
Micha Hondeveld,cvan-den-velde@example.net,Welkom!Micha,Saarpad 53,2669FZ,Netherlands
Demi Westermann,charlottevan-opper-lotharingen@example.com,Welkom!Demi,Josephinesingel 819,6880HG,Netherlands
Mette de Bont,gvan-der-laarse@example.com,Welkom!Mette,Tristanstraat 8,1048PA,Netherlands
Chris Haneberg,jornvan-den-nieuwenhuijsen@example.com,Welkom!Chris,Jellebaan 27,9542 NK,Netherlands
Luuk Wagenvoort,van-berkumluka@example.com,Welkom!Luuk,Willemlaan 77,6563GY,Netherlands
Josephine Kamp,brumlevewessel@example.com,Welkom!Josephine,Emmadreef 4,3671JU,Netherlands
Wout Stichter,matssmith@example.com,Welkom!Wout,Jonasdreef 69,7312 CW,Netherlands
Joshua de Bruijn,qvan-de-water@example.com,Welkom!Joshua,Adamweg 27,9765 NJ,Netherlands
Michael Vermeulen,demiverda@example.com,Welkom!Michael,Esilapad 46,6000KA,Netherlands
Nynke Stamrood,phileine76@example.org,Welkom!Nynke,Catharinasingel 25,9282BY,Netherlands
Floris van Stralen,felinevan-venrooy@example.org,Welkom!Floris,Zeyneplaan 6,5319 GD,Netherlands
Ilse van Zwaben,max22@example.net,Welkom!Ilse,Kayleighweg 74,9607 DK,Netherlands
Alyssa Nieuwstraten,benthevervoort@example.org,Welkom!Alyssa,Tobiassteeg 6,3375UC,Netherlands
Jelle van der Lede,shoedemakers@example.com,Welkom!Jelle,Noutdreef 34,8407 FP,Netherlands
Jens Rouwhorst,zde-korte@example.org,Welkom!Jens,Loïsring 77,2675 EH,Netherlands
Daphne Dirven,nora50@example.net,Welkom!Daphne,Marijndreef 7,4050TV,Netherlands
Amélie Ansems,geertsolivia@example.net,Welkom!Amélie,Emirbaan 080,8256 VW,Netherlands
Ties Verheij,ethomas@example.com,Welkom!Ties,Joëllering 959,2839 LR,Netherlands
Amin Brumleve,ivan05@example.net,Welkom!Amin,Lucasingel 51,3352OX,Netherlands
Linn Timmermans,luca80@example.net,Welkom!Linn,Berendpad 23,9338 VM,Netherlands
Noah de la Fleche,femke16@example.org,Welkom!Noah,Rileyboulevard 0,3780 FG,Netherlands
Amina Feenstra,tiesuphus@example.net,Welkom!Amina,Yfkehof 69,9886GV,Netherlands
Philip van de Darnau,marevan-spreeuwel@example.com,Welkom!Philip,Liamdreef 812,7131AM,Netherlands
Tom van Allemanië,yasmin35@example.org,Welkom!Tom,Tirzaring 3,5568MQ,Netherlands
Stef le Floch,keano74@example.org,Welkom!Stef,Stefanring 67,8111 WX,Netherlands
Ryan Miltenburg,nvan-susa@example.org,Welkom!Ryan,Sepdreef 4,4047 VD,Netherlands
Guusje Greij,fennevan-de-kooij@example.net,Welkom!Guusje,Linadreef 9,5181 EO,Netherlands
Aiden Ehlert,doylesander@example.net,Welkom!Aiden,Tesslaan 115,2136 TG,Netherlands
Xavi Voortman,giel06@example.org,Welkom!Xavi,Sjoerdweg 018,7872 WE,Netherlands
Jake van Schweinfurt,hboeser@example.com,Welkom!Jake,Nielsdreef 30,5764GV,Netherlands
Johannes Claesdr,lennde-vos@example.org,Welkom!Johannes,Catharinasingel 82,5842 OW,Netherlands
Lara Schokman,milo03@example.net,Welkom!Lara,Laurensstraat 62,6369 UX,Netherlands
Mark Jochems,hakowen@example.net,Welkom!Mark,Davedreef 043,3568 PD,Netherlands
Bart Everts,jhuijbrechts@example.org,Welkom!Bart,Aiméehof 5,2276QN,Netherlands
Victoria van Baalen,bgreij@example.net,Welkom!Victoria,Lilyring 6,7213AP,Netherlands
Noud van Duvenvoirde,yvan-rheineck@example.com,Welkom!Noud,Felinesingel 79,2500WF,Netherlands
Esila Broeckx,jacobsliv@example.org,Welkom!Esila,Meesdreef 2,9974XQ,Netherlands
Keano Wildschut,zakaria13@example.com,Welkom!Keano,Fienbaan 22,5754 BQ,Netherlands
Tim Smit,yfke09@example.net,Welkom!Tim,Kaydreef 0,5928 ZG,Netherlands
Jacob Serra,lisade-ruiter@example.com,Welkom!Jacob,Fatimapad 4,9337EF,Netherlands
Esther Evers,xverhaar@example.net,Welkom!Esther,Jimlaan 52,2550WC,Netherlands
Boaz van de Noordmark,ponciyusuf@example.net,Welkom!Boaz,Sebastiaanlaan 917,8529ZV,Netherlands
Jesse van der Horst,karelsjim@example.org,Welkom!Jesse,Levihof 9,8312 AS,Netherlands
Samuel Sarneel,amber60@example.net,Welkom!Samuel,Jurrelaan 990,9547 TS,Netherlands
Jente Veenstra,madeliefadriaense@example.net,Welkom!Jente,Norapad 040,6641JY,Netherlands
Liv Vaessen,demimolen@example.net,Welkom!Liv,Baslaan 940,1645QZ,Netherlands
Ashley Grondel,vincelamotte@example.net,Welkom!Ashley,Teunsteeg 032,1801ZF,Netherlands
Mathijs van Noordeloos,ayden59@example.net,Welkom!Mathijs,Tomweg 684,3185BB,Netherlands
Robin Korstman,rowanwalsteijn@example.net,Welkom!Robin,Ninaweg 3,2416 BO,Netherlands
Micha Tielemans,kickde-bruijn@example.net,Welkom!Micha,Daniëlbaan 1,9511 UV,Netherlands
Sterre Spruit,kvan-santen@example.com,Welkom!Sterre,Aydenweg 18,6168TO,Netherlands
Sep Pasman,evan-der-leek@example.com,Welkom!Sep,Jeltehof 12,6292ZK,Netherlands
Pieter Berendse,qheerschop@example.net,Welkom!Pieter,Amberweg 335,6752 LU,Netherlands
Joy Gerritsen,evygellemeyer@example.net,Welkom!Joy,Meesweg 66,4794VO,Netherlands
Puck van Nederlotharingen,jasper33@example.org,Welkom!Puck,Colinweg 88,6438FH,Netherlands
Ivan Robbrechts Bruijne,aaronmeyer@example.com,Welkom!Ivan,Meganboulevard 3,2821 IZ,Netherlands
Jay de Smit,loisvignon@example.org,Welkom!Jay,Renslaan 8,4187 UY,Netherlands
Nikki de Backer,merijn80@example.com,Welkom!Nikki,Jaysonbaan 691,8719AA,Netherlands
Jente Momberg,milo96@example.org,Welkom!Jente,Alilaan 7,1598 RW,Netherlands
Anna Mulder,dewivan-ginneke@example.com,Welkom!Anna,Ilsepad 39,2727 XE,Netherlands
Evie Cant,lsmit@example.org,Welkom!Evie,Jolielaan 506,7015ZV,Netherlands
Esther van der Smeede,zijlmansnynke@example.com,Welkom!Esther,Louisesingel 52,7370YH,Netherlands
Mick van der Heijden,lonenthijmen@example.net,Welkom!Mick,Evalaan 20,7329WW,Netherlands
Maaike Chevresson,mahieujanne@example.com,Welkom!Maaike,Haileylaan 2,3152 EH,Netherlands
Isabelle Prinsen,uvan-den-heuvel@example.com,Welkom!Isabelle,Mellebaan 210,2964 WX,Netherlands
Jason Schakelaar,gfechant@example.net,Welkom!Jason,Zeynepstraat 587,2768 UD,Netherlands
Fem Westerburg,molegraafjulius@example.net,Welkom!Fem,Bastiaansteeg 2,2973 KC,Netherlands
Eliza van Mispelen,janssenloes@example.org,Welkom!Eliza,Philipdreef 37,8438XN,Netherlands
Floris Dirven,ivan61@example.net,Welkom!Floris,Jornsingel 1,5642FY,Netherlands
Tijmen de Haan,bchotzen@example.com,Welkom!Tijmen,Tomhof 3,5604 RC,Netherlands
Hailey Kloppert,de-hooglauren@example.net,Welkom!Hailey,Colindreef 8,9314 IC,Netherlands
Tristan van den Nyeuwenhuysen,gwillems@example.com,Welkom!Tristan,Elisabethsteeg 05,6196MB,Netherlands
Inaya Weijland,jerusalemjoey@example.net,Welkom!Inaya,Kimstraat 23,4003HJ,Netherlands
Lukas Koster,melleheere@example.com,Welkom!Lukas,Jonashof 876,9233 FH,Netherlands
Lotte van Salm,lievepuig@example.com,Welkom!Lotte,Taradreef 8,9594GA,Netherlands
Senna Mens,pbrese@example.com,Welkom!Senna,Nickdreef 57,2399 QN,Netherlands
Julian van Hulten,fvan-den-brink@example.org,Welkom!Julian,Maaikedreef 668,9056IQ,Netherlands
Beau Eerden,fabienneboudewijns@example.net,Welkom!Beau,Sampad 57,9556GP,Netherlands
Mick van de Kooij,lina73@example.net,Welkom!Mick,Brittpad 72,8252 YO,Netherlands
Yasmin Aarden,nvan-poppel@example.net,Welkom!Yasmin,Meeslaan 266,8965SG,Netherlands
Jenna van der Velde,van-de-elzascato@example.com,Welkom!Jenna,Justinring 509,2759JA,Netherlands
Pleun Keltenie,lizvan-emmelen@example.com,Welkom!Pleun,Noahstraat 54,8611AZ,Netherlands
Jaylinn Stinis,de-kokjules@example.com,Welkom!Jaylinn,Amélieboulevard 6,4796 OH,Netherlands
Vajèn van Goerle,brentvan-den-pol@example.net,Welkom!Vajèn,Merelweg 959,8162 MY,Netherlands
Sjoerd van Spreuwel,broeklizzy@example.org,Welkom!Sjoerd,Merelsteeg 09,8970UH,Netherlands
Renske Cornelissen,gminer@example.com,Welkom!Renske,Tijshof 44,4310 KX,Netherlands
Zakaria de Ruiter,amudden@example.com,Welkom!Zakaria,Wouterdreef 09,8325 BE,Netherlands
Feline van den Oever,jay51@example.com,Welkom!Feline,Deanboulevard 394,8136 AU,Netherlands
Jesse Beijring,vincentbijlsma@example.com,Welkom!Jesse,Nintheboulevard 023,8495 RT,Netherlands
Maurits van Asten,sthe-elder@example.net,Welkom!Maurits,Annemijnlaan 1,8640RM,Netherlands
Thijmen van den Assem,josephinevan-der-avoirt@example.com,Welkom!Thijmen,Hugostraat 07,2924 JN,Netherlands
Joey Vial,joellelagerweij@example.org,Welkom!Joey,Sarahbaan 8,5337IV,Netherlands
Rick van den Pol,imke45@example.org,Welkom!Rick,Samisteeg 8,1722 VN,Netherlands
Jasper Poncelet,tristannedermeijer@example.com,Welkom!Jasper,Fleurweg 05,4736 HP,Netherlands
Alicia van Es,eroom@example.com,Welkom!Alicia,Miloulaan 701,4437TX,Netherlands
Daniël van der Kint,hamzahendrikse@example.org,Welkom!Daniël,Stefsteeg 10,9954LG,Netherlands
Mees Breugelensis,evan-den-broek@example.net,Welkom!Mees,Adrianadreef 56,4200ZU,Netherlands
Jonas Oude Heer,tygoprinsen@example.com,Welkom!Jonas,Ecrinsingel 904,5837 JY,Netherlands
Lorenzo Tuithof,jespervan-embden@example.net,Welkom!Lorenzo,Floortjebaan 9,1617JL,Netherlands
Aaliyah van der Smeede,sterre32@example.org,Welkom!Aaliyah,Bentestraat 0,2296 IZ,Netherlands
Giel Teunissen,julian55@example.net,Welkom!Giel,Kayleighlaan 0,8950 VR,Netherlands
Liza van der Heyden,samide-swart@example.net,Welkom!Liza,Pimbaan 001,2081UR,Netherlands
Sophie Remmers,stijnschagen@example.net,Welkom!Sophie,Naudhof 017,6499YF,Netherlands
Tristan van der Veen,de-werdnoah@example.com,Welkom!Tristan,Danielsingel 6,9623MG,Netherlands
Merel Rijn,igeerling@example.net,Welkom!Merel,Rafaelsingel 32,1250 TN,Netherlands
Nina Ehlert,tielemansangelina@example.net,Welkom!Nina,Joshualaan 1,6226 RY,Netherlands
Victor van den Brink,cvan-den-nuwenhijsen@example.org,Welkom!Victor,Lynnstraat 29,2828 VD,Netherlands
Damian Luitgardis van Neustrië,sjoerd87@example.net,Welkom!Damian,Tychohof 161,1144KC,Netherlands
Jort Roosenboom,elbertsejuliette@example.com,Welkom!Jort,Adampad 01,2339 QG,Netherlands
Victor Borman,rehorstmaurits@example.com,Welkom!Victor,Loesstraat 118,2773OS,Netherlands
Ties Fortuyn,coemencs@example.net,Welkom!Ties,Marijnhof 221,7519YZ,Netherlands
Alexander Olthof,fabienne00@example.org,Welkom!Alexander,Lizehof 1,8136WP,Netherlands
Floortje Laffray,emmavan-salm@example.com,Welkom!Floortje,Jackring 972,4888VG,Netherlands
Adam Kof,timhorrocks@example.com,Welkom!Adam,Jaydabaan 259,8323 ZS,Netherlands
Gerrit Hazenveld,gervaisfrederique@example.net,Welkom!Gerrit,Guusweg 769,8830 GK,Netherlands
Nova van Geenen,cverhoeven@example.net,Welkom!Nova,Bibihof 7,3783 VO,Netherlands
Elisabeth Jones,dstook@example.org,Welkom!Elisabeth,Dylanoboulevard 92,6877NQ,Netherlands
Stef van Leeuwen,rshupe@example.org,Welkom!Stef,Janweg 54,2475RV,Netherlands
Leah van 't Wel,aminaketel@example.net,Welkom!Leah,Aaliyahpad 3,1277 PY,Netherlands
Jari van Voorhout,beratpison@example.net,Welkom!Jari,Twandreef 2,9873BN,Netherlands
Liz van den Wittenboer,nvan-alenburg@example.com,Welkom!Liz,Chloésingel 39,2713 BB,Netherlands
Kian de Hoog,van-nusquinty@example.net,Welkom!Kian,Lucaslaan 05,7794YJ,Netherlands
Kyra Jonkman,sjoerd68@example.com,Welkom!Kyra,Norastraat 96,8432XS,Netherlands
Ceylin Verschut,ayatammerijn@example.net,Welkom!Ceylin,Marijnhof 3,4459 LZ,Netherlands
Esila Blom,colin16@example.com,Welkom!Esila,Yarahof 4,1824 EX,Netherlands
Sami Zaal,laffraysanne@example.com,Welkom!Sami,Esthersingel 16,9560 CK,Netherlands
Aiden Schouten,elise61@example.com,Welkom!Aiden,Finnbaan 931,9084 KC,Netherlands
Hamza Verschuere,elizabethschilt@example.net,Welkom!Hamza,Kyansteeg 612,3446VV,Netherlands
Jasmijn Coenen,van-breukeleveenniels@example.org,Welkom!Jasmijn,Elisabethbaan 0,6840 ZY,Netherlands
Aaliyah Friehus,sennmarchal@example.net,Welkom!Aaliyah,Madsstraat 8,1450 SY,Netherlands
Jayda Aarden,de-bruinmads@example.net,Welkom!Jayda,Pleundreef 58,8087GB,Netherlands
Elisabeth le Gallen,kiki20@example.net,Welkom!Elisabeth,Twandreef 1,4040 ZI,Netherlands
Fenna Kolen,fay42@example.net,Welkom!Fenna,Maartendreef 5,2482CW,Netherlands
Ize Lind,zeldenrustmaurits@example.org,Welkom!Ize,Sjoerdhof 123,5034 XG,Netherlands
Twan Heribert van Laon,ydie-bont@example.com,Welkom!Twan,Florianring 14,4860 YL,Netherlands
Demi Frankhuizen,cschuylenborch@example.net,Welkom!Demi,Louisepad 812,2526 QZ,Netherlands
Jamie Janse,gerritbrandon@example.org,Welkom!Jamie,Sophialaan 618,9450 AT,Netherlands
Olivia Moenen,azravan-der-heijden@example.net,Welkom!Olivia,Anoukdreef 0,7031 QA,Netherlands
Sienna Rademaker,van-kuijc-van-malsenamelia@example.org,Welkom!Sienna,Valeriering 388,1663 GU,Netherlands
Livia van der Plas,thijs33@example.com,Welkom!Livia,Joëllehof 499,2609 AS,Netherlands
Nisa Meis,aardenjoel@example.org,Welkom!Nisa,Nienkeweg 7,9699RA,Netherlands
Lex Kok,matsgeerts@example.org,Welkom!Lex,Sennasingel 352,6239 NT,Netherlands
Rayan Brandon,maaikevan-kempen@example.net,Welkom!Rayan,Woutlaan 897,9613 RM,Netherlands
Yusuf Verharen,mahieulynn@example.net,Welkom!Yusuf,Kyararing 323,5645PK,Netherlands
Hailey Jansen,uaschman@example.com,Welkom!Hailey,Kikiring 21,2951WB,Netherlands
Mette Korsman,ramakervalentijn@example.net,Welkom!Mette,Jandreef 1,4429LS,Netherlands
Jesse van Laarhoven,mehmet54@example.com,Welkom!Jesse,Fleurpad 450,7062BO,Netherlands
Lieke van Vlaanderen,hakjonas@example.org,Welkom!Lieke,Lexweg 21,5667GP,Netherlands
Hidde Weerdenburg,geertssenna@example.net,Welkom!Hidde,Noahweg 72,9084ZZ,Netherlands
Jesper Gemen,milou98@example.org,Welkom!Jesper,Katepad 5,1090 NM,Netherlands
Mart Ouwel,oversteegjulie@example.com,Welkom!Mart,Nathanlaan 13,1644 XX,Netherlands
Mohammed van der Mast,wensenpippa@example.com,Welkom!Mohammed,Sophieboulevard 2,1393 BY,Netherlands
Janne Kamper,veerle54@example.org,Welkom!Janne,Bilallaan 643,6391VP,Netherlands
Mart Versluijs,saravan-santen@example.com,Welkom!Mart,Samboulevard 481,2236QI,Netherlands
Cas Winters,vigohoning@example.org,Welkom!Cas,Kayleighweg 19,4361 TY,Netherlands
Sarah Vandenbergh,luuk01@example.com,Welkom!Sarah,Juulpad 19,2816IJ,Netherlands
Loes Lambers,max86@example.org,Welkom!Loes,Daanstraat 42,2026 SK,Netherlands
Sofia Ramaker,cvan-beeck@example.org,Welkom!Sofia,Amiradreef 291,6248 GY,Netherlands
Nora de Jong,jellevan-t-houteveen@example.org,Welkom!Nora,Rafaelsteeg 71,3743 TD,Netherlands
Maartje Werdes,fsestig@example.net,Welkom!Maartje,Karlijnsingel 161,6299RI,Netherlands
Felix Tirie,van-de-weterinkbart@example.net,Welkom!Felix,Joeyhof 326,5972PD,Netherlands
Lieke Kathagen,ize09@example.com,Welkom!Lieke,Sarahpad 8,5525 QD,Netherlands
Elena van der Veiver,olafalpaidis@example.org,Welkom!Elena,Stenweg 2,1410DJ,Netherlands
Pim Henric van den Nuwenhuse,de-bruijnlieve@example.net,Welkom!Pim,Hiddeweg 4,3541 VU,Netherlands
Maya Schokman,aiden25@example.net,Welkom!Maya,Maryamstraat 0,7269CI,Netherlands
Brian Frankhuizen,hvan-ooyen@example.org,Welkom!Brian,Aidenstraat 6,3668FI,Netherlands
Joy Veenstra,furdabibi@example.org,Welkom!Joy,Félinepad 57,8029 TO,Netherlands
Yfke van Brunswijk,pvan-der-wal@example.com,Welkom!Yfke,Felinepad 416,8982 BV,Netherlands
Elize Smit,ahoelen@example.net,Welkom!Elize,Joostweg 681,5901 XE,Netherlands
Noor Le Grand,samiwensen@example.org,Welkom!Noor,Suzering 6,2289XS,Netherlands
Jinthe Potters,lisade-jong@example.net,Welkom!Jinthe,Tijmenboulevard 64,3614QI,Netherlands
Joey Wolfsdr,maartenjansen@example.net,Welkom!Joey,Samisingel 067,1559CX,Netherlands
Colin Jacquot,catovan-t-riet@example.org,Welkom!Colin,Lizzsingel 0,6052WW,Netherlands
Mees Maas,hoedemakerslucas@example.net,Welkom!Mees,Zeyneppad 7,6913ZG,Netherlands
Sam Visser,friehusmarijn@example.com,Welkom!Sam,Jaysonbaan 47,2592 BJ,Netherlands
Casper Van Bragt,korstmanquinn@example.org,Welkom!Casper,Kyanoweg 2,3946RV,Netherlands
Tara Perrono,wgiselmeyer@example.org,Welkom!Tara,Owensteeg 5,8809 YO,Netherlands
Milo van der Linden,jvan-den-berg@example.com,Welkom!Milo,Veerlesingel 1,2415ZD,Netherlands
Daan Ridder,qmens@example.org,Welkom!Daan,Alexlaan 1,7857VQ,Netherlands
Rick Emmen,rperrono@example.net,Welkom!Rick,Juliettepad 90,3147 GO,Netherlands
Hailey Flink,timo71@example.com,Welkom!Hailey,Nadinelaan 403,5457BM,Netherlands
Senn Broeders,eijkelboomlot@example.net,Welkom!Senn,Zoëpad 604,6763VN,Netherlands
Lukas Jones,hulstsophia@example.net,Welkom!Lukas,Lunabaan 79,8697YM,Netherlands
Matthias le Matelot,olucas@example.net,Welkom!Matthias,Sethbaan 2,4900WD,Netherlands
Puk Postma,van-der-spaendonckesmee@example.net,Welkom!Puk,Stefstraat 32,5548 GZ,Netherlands
Maurits Heinrichs,julia75@example.com,Welkom!Maurits,Joeyhof 04,5659MS,Netherlands
Victoria Verhaar,van-bovenella@example.net,Welkom!Victoria,Rafsingel 7,2035CI,Netherlands
Nova Verhagen,ties19@example.net,Welkom!Nova,Linnboulevard 997,6152ZT,Netherlands
Jayden Melet,tim75@example.com,Welkom!Jayden,Zeynepweg 423,7564 FF,Netherlands
Justin Adriaensdr,rle-marec@example.net,Welkom!Justin,Vajènstraat 87,5847 UN,Netherlands
Tygo van Bovenen,roosenboommia@example.net,Welkom!Tygo,Mauritsboulevard 3,4116 NH,Netherlands
Sep Beekman,ibrahim26@example.net,Welkom!Sep,Jentedreef 655,6880 MY,Netherlands
Suus Goudriaan,karlijn89@example.com,Welkom!Suus,Lennsteeg 409,8488VW,Netherlands
Nynke Kuit,atillmanno@example.org,Welkom!Nynke,Jaylinnboulevard 88,3487UP,Netherlands
Aiden Greij,aminbreugelensis@example.org,Welkom!Aiden,Kyandreef 40,3618LU,Netherlands
Wout Spies,van-damsara@example.com,Welkom!Wout,Aminaweg 088,1141NQ,Netherlands
Jay Bos,simonsaya@example.org,Welkom!Jay,Riksteeg 373,9859WH,Netherlands
Ayden Reijers,rafvan-t-riet@example.net,Welkom!Ayden,Jacobweg 8,3520 SO,Netherlands
Nova der Kijnder,mustafasimons@example.com,Welkom!Nova,Briansteeg 66,8026RF,Netherlands
Arthur Meyer,uschiffer@example.net,Welkom!Arthur,Micksteeg 17,2562 VE,Netherlands
Siem Geerts,pepijn43@example.com,Welkom!Siem,Kyanohof 79,8201IT,Netherlands
Daniël Groote,mart67@example.org,Welkom!Daniël,Sophieboulevard 95,2834 HA,Netherlands
Aylin Lamore,charlotte77@example.com,Welkom!Aylin,Imranlaan 3,5452 OY,Netherlands
Luka Blewanus,annedoesburg@example.org,Welkom!Luka,Seppdreef 764,7672 NJ,Netherlands
Kevin Wolfsdr,tde-jode-vastraedsd@example.org,Welkom!Kevin,Koendreef 4,9094NS,Netherlands
Samuel Dirven,fenne12@example.org,Welkom!Samuel,Bentheboulevard 418,8427 RP,Netherlands
Ian Cornelissen,olafkronenberg@example.org,Welkom!Ian,Matssteeg 321,2166 UZ,Netherlands
Maxim Evers,njdotte@example.net,Welkom!Maxim,Lynnweg 0,3202 LZ,Netherlands
Marijn Kuilenburg,wijlandrosa@example.org,Welkom!Marijn,Quinnweg 672,1090NR,Netherlands
Niels Molegraaf,tychode-bont@example.org,Welkom!Niels,Thijsweg 788,3463 AY,Netherlands
Elisabeth van Olst,noahde-bruijn@example.net,Welkom!Elisabeth,Jaydenboulevard 255,1753 XZ,Netherlands
Mees van der Velde,lauren06@example.net,Welkom!Mees,Sebastiaanpad 6,9258 QD,Netherlands
Mustafa Hoedemakers,doornhemfloortje@example.com,Welkom!Mustafa,Amysingel 0,9704PR,Netherlands
Bradley van Haspengouw,oosterhoutmax@example.com,Welkom!Bradley,Maritring 193,3672NJ,Netherlands
Annemijn Lansink,garretmare@example.org,Welkom!Annemijn,Ayoubsteeg 7,6461 KY,Netherlands
Tijs Timmermans,finn89@example.net,Welkom!Tijs,Veradreef 85,5096SS,Netherlands
Mirthe Strijker,selsenaar@example.com,Welkom!Mirthe,Melissapad 08,4123 XA,Netherlands
Lot Doesburg,pasmanmark@example.com,Welkom!Lot,Isabelpad 592,2449 HT,Netherlands
Robin Post,beauvan-ginneke@example.com,Welkom!Robin,Amiralaan 57,6617 BI,Netherlands
Cornelia de la Fleche,faas93@example.org,Welkom!Cornelia,Pucksingel 0,3355NH,Netherlands
Kyan Tuithof,dtimmerman@example.net,Welkom!Kyan,Fatimadreef 18,9338MH,Netherlands
Jan Romijn,weverjuliette@example.org,Welkom!Jan,Joepstraat 78,6244 IH,Netherlands
Pleun Teunissen,melissabarents@example.com,Welkom!Pleun,Elisaring 037,5421 VC,Netherlands
Tim Noordijk,fstoffel@example.net,Welkom!Tim,Owensteeg 13,6996SH,Netherlands
Noortje Klerks,yvan-de-water@example.org,Welkom!Noortje,Casperpad 8,7508 PT,Netherlands
Pim de Gruijl,boazbrandon@example.com,Welkom!Pim,Saraweg 857,3896 RX,Netherlands
Mehmet Bartels,maxter-waarbeek@example.org,Welkom!Mehmet,Rickweg 272,5050SZ,Netherlands
Victor van de Coterlet,julie03@example.com,Welkom!Victor,Hendriksingel 55,3579NS,Netherlands
Tijmen Bierstraten,jansensarah@example.com,Welkom!Tijmen,Jortsingel 6,7795AF,Netherlands
Joris Broekhoven,evan-brunswijk@example.com,Welkom!Joris,Linnbaan 7,9410WO,Netherlands
Bradley Schilt,mvan-bergen@example.com,Welkom!Bradley,Mellestraat 25,1716 TP,Netherlands
Mila van Gemert,pieterde-roos@example.net,Welkom!Mila,Lizasteeg 146,7422 WN,Netherlands
Julie Brievingh,mare79@example.org,Welkom!Julie,Adrianapad 1,8866 WF,Netherlands
Jaylinn van Evelingen,stijn92@example.net,Welkom!Jaylinn,Jetlaan 12,6830 HK,Netherlands
Noëlle van Asten,mohamedstrik@example.com,Welkom!Noëlle,Nikkiring 81,9917 KX,Netherlands
Pippa de Beer,jaylinn98@example.net,Welkom!Pippa,Floorlaan 885,1882GB,Netherlands
Beau van Wallaert,tvan-drenthe@example.com,Welkom!Beau,Silkehof 5,5753 XO,Netherlands
Ella Muijs,bsanders@example.org,Welkom!Ella,Dewiweg 26,2815 II,Netherlands
Imke de Gruijl,lolagoyaerts-van-waderle@example.com,Welkom!Imke,Linasteeg 07,5287 GY,Netherlands
Yfke Suijker,dschroeff@example.net,Welkom!Yfke,Quintydreef 933,1363SM,Netherlands
Sven Elbertse,van-baalenfabian@example.net,Welkom!Sven,Robinhof 320,1008NK,Netherlands
Gijs de Marduras,nvan-este@example.net,Welkom!Gijs,Koenring 75,1765WI,Netherlands
Myrthe Brumleve,tcarnotte@example.org,Welkom!Myrthe,Izehof 7,6342IR,Netherlands
Jens Speijer,van-den-corputsepp@example.net,Welkom!Jens,Fennasingel 80,5060 QF,Netherlands
Jesse die Witte,elise04@example.com,Welkom!Jesse,Nynkelaan 6,1709XP,Netherlands
Jelle Korsman,jet52@example.net,Welkom!Jelle,Deanbaan 550,9598EP,Netherlands
Kim de Haas,raf44@example.net,Welkom!Kim,Vinceboulevard 42,2107 IL,Netherlands
Rens van der Berg,ponceletlukas@example.net,Welkom!Rens,Adampad 829,4668VE,Netherlands
Mads Hagendoorn,tobias41@example.com,Welkom!Mads,Aliciasteeg 88,4878WV,Netherlands
Wouter Lankle,casper88@example.com,Welkom!Wouter,Alihof 24,5614YT,Netherlands
Brian van Vermandois,mmudden@example.com,Welkom!Brian,Kyaralaan 3,7407 UB,Netherlands
Danique van Schevinghuizen,selenavan-susa@example.org,Welkom!Danique,Mikaweg 5,7078 RF,Netherlands
Mika Feenstra,de-smitdana@example.com,Welkom!Mika,Milobaan 141,9258JQ,Netherlands
Esther van der Heijden,lex82@example.net,Welkom!Esther,Emirdreef 4,4333QE,Netherlands
Nadia Dekker,alensen@example.net,Welkom!Nadia,Siennaweg 73,2017 OP,Netherlands
Tycho Lelijveld,cornelisnoordijk@example.com,Welkom!Tycho,Jayboulevard 394,6982 NV,Netherlands
Kate Scheffers,latierzeynep@example.net,Welkom!Kate,Alyssaring 71,5147 CA,Netherlands
Faas van den Berg,van-landenrobin@example.com,Welkom!Faas,Aronhof 980,1286VM,Netherlands
Bradley Verbruggen,roan87@example.net,Welkom!Bradley,Stellapad 278,2721YV,Netherlands
Mika Estey,de-kortezoe@example.com,Welkom!Mika,Noëllesteeg 0,9316 PL,Netherlands
Bo Nijman,mart18@example.com,Welkom!Bo,Victordreef 2,4867 SV,Netherlands
Anna Arnold,noah16@example.com,Welkom!Anna,Alexlaan 9,1719 HK,Netherlands
Mara van den Velden,lizzy24@example.net,Welkom!Mara,Joysteeg 83,7425 KA,Netherlands
Loïs Keijzer,julie18@example.net,Welkom!Loïs,Naudring 9,6729WI,Netherlands
Thomas Haselaar,senna03@example.net,Welkom!Thomas,Sjoerdpad 147,5247 GZ,Netherlands
Nina Suijker,lengels@example.net,Welkom!Nina,Saarboulevard 95,7626 BL,Netherlands
Keano le Gulcher,mickpalman@example.com,Welkom!Keano,Sofiaweg 38,8904 WZ,Netherlands
Lars van Ooste,janna36@example.com,Welkom!Lars,Frederiquestraat 0,4633OR,Netherlands
Dex Phillipsen,fbave@example.org,Welkom!Dex,Mettedreef 86,9209NR,Netherlands
Elizabeth van de Pol,svan-dijk@example.org,Welkom!Elizabeth,Hiddehof 219,3296QQ,Netherlands
Emir Kloppert,lottewillemsen@example.org,Welkom!Emir,Jasperweg 478,4570 NY,Netherlands
Lisanne Hoeks,qde-ruiter@example.org,Welkom!Lisanne,Meganlaan 041,2806 RS,Netherlands
Luc van den Broek,van-de-watergerrit@example.net,Welkom!Luc,Briansteeg 00,7849GS,Netherlands
Matthias van der Berg,badelaar@example.net,Welkom!Matthias,Jelleweg 762,7814 YB,Netherlands
Maurits van Baalen,fmarceron@example.net,Welkom!Maurits,Hamzastraat 303,8880 ZT,Netherlands
Anouk Jans,prinssven@example.com,Welkom!Anouk,Ricksteeg 4,4162PN,Netherlands
Oscar van Wijland,imranhoes@example.com,Welkom!Oscar,Julesbaan 01,1495VJ,Netherlands
Imke van Breukelveen,bmoenen@example.com,Welkom!Imke,Sarapad 735,5744GO,Netherlands
Lynn Ramaker,duuk10@example.net,Welkom!Lynn,Katedreef 7,3093 IW,Netherlands
Loek van Alenburg,collinhoekstra@example.net,Welkom!Loek,Suuspad 873,1059 ZP,Netherlands
Kevin Wildschut,cvan-der-linden@example.org,Welkom!Kevin,Mayaweg 219,8641 DA,Netherlands
Ninthe Wolters,gwinnrich@example.net,Welkom!Ninthe,Lotdreef 498,6751 AI,Netherlands
Maartje Beijring,vranckenniek@example.net,Welkom!Maartje,Jasonpad 759,6029MX,Netherlands
Nathan Vink,thijn18@example.org,Welkom!Nathan,Borisboulevard 4,3836 SR,Netherlands